Source,Company Name,"If in HubSpot, tagged as what sub industry?",Added to Hubspot? (Yes/No),Linkedin stated employee size,Linkedin actual employee size,Website Link
https://financialadvisers.co.uk/financial-planning/newcastle-upon-tyne/?pl_p=1&pl_m=40,Quilter Financial Advisers Ltd,,,,,
https://financialadvisers.co.uk/financial-planning/newcastle-upon-tyne/?pl_p=1&pl_m=40,Laurus Associates Limited,I - IFA,No,1-10,8,laurusassociates.co.uk
https://financialadvisers.co.uk/financial-planning/newcastle-upon-tyne/?pl_p=1&pl_m=40,Broad Chare Partnership LLP,I - IFA,No,11-50,10,broadcharepartners.co.uk
https://financialadvisers.co.uk/financial-planning/newcastle-upon-tyne/?pl_p=1&pl_m=40,Lycetts Financial Services Limited,I - IFA,No,201-500,226,lycetts.co.uk
https://financialadvisers.co.uk/financial-planning/newcastle-upon-tyne/?pl_p=1&pl_m=40,Professional Wealth Management Ltd,I - IFA,No,,,professionalwealthmanagement.co.uk
https://financialadvisers.co.uk/financial-planning/newcastle-upon-tyne/?pl_p=1&pl_m=40,Professional Wealth Management (Yorkshire) Ltd,I - IFA,No,,,pwmy.co.uk
https://financialadvisers.co.uk/financial-planning/newcastle-upon-tyne/?pl_p=1&pl_m=40,Professional Wealth Management Investment Services Limited,I - IFA,No,,,pwmis.co.uk
https://financialadvisers.co.uk/financial-planning/newcastle-upon-tyne/?pl_p=1&pl_m=40,Portland Financial Management Limited,I - IFA,No,,,pfm-uk.com
https://financialadvisers.co.uk/financial-planning/newcastle-upon-tyne/?pl_p=1&pl_m=40,Henry F Dodds Wealth Management Limited,I - IFA,No,,,hfdoddswealth.co.uk
https://financialadvisers.co.uk/financial-planning/newcastle-upon-tyne/?pl_p=1&pl_m=40,Robson Laidler Financial Planning Limited,I - IFA,No,51-200,79,robson-laidler.co.uk/wealth
https://financialadvisers.co.uk/financial-planning/newcastle-upon-tyne/?pl_p=1&pl_m=40,Ben Hughes,I - IFA,No,,,doxfordfinancial.co.uk
https://financialadvisers.co.uk/financial-planning/newcastle-upon-tyne/?pl_p=1&pl_m=40,Murray Trudt,I - IFA,No,"1,001-5,000",3514,partnership.sjp.co.uk/partner/murraytrudt
https://financialadvisers.co.uk/financial-planning/newcastle-upon-tyne/?pl_p=1&pl_m=40,Simon Quinlan,I - IFA,No,,,quinlanfp.co.uk
https://financialadvisers.co.uk/financial-planning/newcastle-upon-tyne/?pl_p=1&pl_m=40,Stephen King,I - IFA,No,,,kingwealthmanagement.co.uk
https://financialadvisers.co.uk/financial-planning/newcastle-upon-tyne/?pl_p=1&pl_m=40,Chris Davis,I - IFA,No,,,haywarddavis.co.uk
https://financialadvisers.co.uk/financial-planning/newcastle-upon-tyne/?pl_p=2&pl_m=40,Southlands Financial Services Ltd,I - IFA,No,,,southlandsfinancialservicesltd.co.uk
https://financialadvisers.co.uk/financial-planning/newcastle-upon-tyne/?pl_p=2&pl_m=40,Zebra Wealth Management Limited,I - IFA,No,"1,001-5,000",3514,partnership.sjp.co.uk/partner/stevenbates
https://financialadvisers.co.uk/financial-planning/newcastle-upon-tyne/?pl_p=2&pl_m=40,Abacus Wealth Management Ltd,I - IFA,No,11-50,5,abacuswm.co.uk
https://financialadvisers.co.uk/financial-planning/newcastle-upon-tyne/?pl_p=2&pl_m=40,Meridian Advice,-,Yes,2-10,6,meridianadvice.co.uk
https://financialadvisers.co.uk/financial-planning/newcastle-upon-tyne/?pl_p=2&pl_m=40,Jo-Ann Dalrymple,I - IFA,No,"1,001-5,000",3514,partnership.sjp.co.uk/partner/joanndalrymple
https://financialadvisers.co.uk/financial-planning/newcastle-upon-tyne/?pl_p=2&pl_m=40,The Grove Private Wealth Ltd,I - IFA,No,,,thegroveprivatewealthltd.co.uk
https://financialadvisers.co.uk/financial-planning/newcastle-upon-tyne/?pl_p=2&pl_m=40,Anne Gibson Financial Services,I - IFA,No,,,annegibsonsjp.co.uk/partner/annegibsonfinancial
https://financialadvisers.co.uk/financial-planning/newcastle-upon-tyne/?pl_p=2&pl_m=40,Matthew Ife,I - IFA,No,,,matthewife.co.uk
https://financialadvisers.co.uk/financial-planning/newcastle-upon-tyne/?pl_p=2&pl_m=40,Eric Dhugal Bennett,,,,,
https://financialadvisers.co.uk/financial-planning/newcastle-upon-tyne/?pl_p=2&pl_m=40,Claire McKenna,,,,,
https://financialadvisers.co.uk/financial-planning/newcastle-upon-tyne/?pl_p=2&pl_m=40,Ryan McGuinness,I - IFA,No,,,1894privatewealth.co.uk
https://financialadvisers.co.uk/financial-planning/newcastle-upon-tyne/?pl_p=2&pl_m=40,Natalie Turner,I - IFA,No,,,natalieturnerwealthmanagement.co.uk
https://financialadvisers.co.uk/financial-planning/newcastle-upon-tyne/?pl_p=2&pl_m=40,George Barker,,,,,
https://financialadvisers.co.uk/financial-planning/newcastle-upon-tyne/?pl_p=2&pl_m=40,Crathorne Wealth Management Ltd,I - IFA,No,"1,001-5,000",3514,partnership.sjp.co.uk/partner/crathornewm
https://financialadvisers.co.uk/financial-planning/newcastle-upon-tyne/?pl_p=2&pl_m=40,Tulloch Wealth Management Limited,I - IFA,No,"1,001-5,000",3514,partnership.sjp.co.uk/partner/samanthatulloch
https://financialadvisers.co.uk/financial-planning/newcastle-upon-tyne/?pl_p=3&pl_m=40,Carl Turnbull,I - DFM without Centralised Research; I - IFA,No,"1,001-5,000",3514,sjpp.co.uk/carlturnbull
https://financialadvisers.co.uk/financial-planning/newcastle-upon-tyne/?pl_p=3&pl_m=40,Rutherford Hughes Limited,I - IFA,No,,,rutherfordhughes.com
https://financialadvisers.co.uk/financial-planning/newcastle-upon-tyne/?pl_p=3&pl_m=40,Leazes Quadrus Financial Planning Ltd,-,Yes,,,leazesquadrus.co.uk
https://financialadvisers.co.uk/financial-planning/newcastle-upon-tyne/?pl_p=3&pl_m=40,Jesalant Limited,I - IFA,No,1-10,2,lsmwealth.co.uk
https://financialadvisers.co.uk/financial-planning/newcastle-upon-tyne/?pl_p=3&pl_m=40,Lowes Financial Management Limited,I - Asset Manager without Multi-Asset; I - IFA,No,51-200,152,lowes.co.uk
https://financialadvisers.co.uk/financial-planning/newcastle-upon-tyne/?pl_p=3&pl_m=40,Bruce & Co Legal & Financial Ltd,I - IFA,No,,,bruce-ifa.co.uk
https://financialadvisers.co.uk/financial-planning/newcastle-upon-tyne/?pl_p=3&pl_m=40,Womble Bond Dickinson Wealth Limited,I - IFA,No,"1,001-5,000",1020,womblebonddickinsonwealth.com
https://financialadvisers.co.uk/financial-planning/newcastle-upon-tyne/?pl_p=3&pl_m=40,WPS ADVISORY Ltd,I - IFA,No,51-200,54,wpsadvisory.com
https://financialadvisers.co.uk/financial-planning/newcastle-upon-tyne/?pl_p=3&pl_m=40,Chris Gooding (IFA) Ltd,I - IFA,No,,,chris-gooding.co.uk
https://financialadvisers.co.uk/financial-planning/newcastle-upon-tyne/?pl_p=3&pl_m=40,AFT Wealth Management Ltd,,,,,
https://financialadvisers.co.uk/financial-planning/newcastle-upon-tyne/?pl_p=3&pl_m=40,HJ Wealth Management Ltd,I - IFA,No,,,hjwm.co.uk
https://financialadvisers.co.uk/financial-planning/newcastle-upon-tyne/?pl_p=3&pl_m=40,HRC Innovative Financial Planning Ltd,I - IFA,No,1,11,hrcgroup.net
https://financialadvisers.co.uk/financial-planning/newcastle-upon-tyne/?pl_p=3&pl_m=40,Newcastle Financial Planning Ltd,I - IFA,No,,,newcastlefinancialplanning.co.uk
https://financialadvisers.co.uk/financial-planning/newcastle-upon-tyne/?pl_p=3&pl_m=40,Quay Life Wealth Management Ltd,I - IFA,No,,,quaylifewm.co.uk
https://financialadvisers.co.uk/financial-planning/newcastle-upon-tyne/?pl_p=3&pl_m=40,Clare Clarkson Wealth Management Limited,I - IFA,No,,,clareclarkson.co.uk
https://financialadvisers.co.uk/financial-planning/newcastle-upon-tyne/?pl_p=4&pl_m=40,Accura Wealth Management Ltd,I - IFA,No,1-10,,allisonandhall.com
https://financialadvisers.co.uk/financial-planning/newcastle-upon-tyne/?pl_p=4&pl_m=40,Global Wealth Management Limited,I - IFA,No,,,chrisbuckland.co.uk
https://financialadvisers.co.uk/financial-planning/newcastle-upon-tyne/?pl_p=4&pl_m=40,Michael Westwood,I - IFA,No,,,michaelwestwoodwealthmanagement.co.uk
https://financialadvisers.co.uk/financial-planning/newcastle-upon-tyne/?pl_p=4&pl_m=40,John Wight,I - IFA,No,,,johnwightwealthmanagement.co.uk
https://financialadvisers.co.uk/financial-planning/newcastle-upon-tyne/?pl_p=4&pl_m=40,RJH Mortgage and Financial Services Limited,,,,,
https://financialadvisers.co.uk/financial-planning/newcastle-upon-tyne/?pl_p=4&pl_m=40,Lucror Limited,I - IFA,No,1-10,1,lucror.co.uk
https://financialadvisers.co.uk/financial-planning/newcastle-upon-tyne/?pl_p=4&pl_m=40,Aviyon Finance Ltd,,,,,
https://financialadvisers.co.uk/financial-planning/newcastle-upon-tyne/?pl_p=4&pl_m=40,Co-Navigate Limited,I - IFA,No,1-10,5,co-navigate.co.uk
https://financialadvisers.co.uk/financial-planning/newcastle-upon-tyne/?pl_p=4&pl_m=40,Bonnie Robinson,,,,,
https://financialadvisers.co.uk/financial-planning/newcastle-upon-tyne/?pl_p=4&pl_m=40,Azets Wealth Management Limited,I - IFA,No,51-200,40,azetswealthmanagement.co.uk
https://financialadvisers.co.uk/financial-planning/newcastle-upon-tyne/?pl_p=4&pl_m=40,Joseph Ferguson,I - Asset Manager with Multi-Asset; I - IFA,No,"5,001-10,000",2710,mandg.com
https://financialadvisers.co.uk/financial-planning/newcastle-upon-tyne/?pl_p=4&pl_m=40,Fergus Westwood,I - IFA,No,,,claytondenefp.co.uk
https://financialadvisers.co.uk/financial-planning/newcastle-upon-tyne/?pl_p=4&pl_m=40,Cornerstone Financial Group Ltd,I - IFA,No,51-200,117,firstmortgage.co.uk
https://financialadvisers.co.uk/financial-planning/newcastle-upon-tyne/?pl_p=4&pl_m=40,Baxter Pearse Financial Consultants Limited,I - IFA,No,1-10,,baxterpearse.co.uk
https://financialadvisers.co.uk/financial-planning/newcastle-upon-tyne/?pl_p=4&pl_m=40,Reeves Independent Limited,I - IFA,No,51-200,188,reevesifa.com
https://financialadvisers.co.uk/financial-planning/newcastle-upon-tyne/?pl_p=5&pl_m=40,Reeves Financial Services Limited,I - IFA,No,1-10,2,reevesfinancialservices.com
https://financialadvisers.co.uk/financial-planning/newcastle-upon-tyne/?pl_p=5&pl_m=40,Peritus Private Finance Limited,I - IFA,No,11-50,8,peritusprivatefinance.co.uk
https://financialadvisers.co.uk/financial-planning/newcastle-upon-tyne/?pl_p=5&pl_m=40,Craig Giles Wealth Management LTD,I - IFA,No,"5,001-10,000",2710,mandgwealth.com/craiggileswealthmanagement
https://financialadvisers.co.uk/financial-planning/newcastle-upon-tyne/?pl_p=5&pl_m=40,Prism Financial Advice Limited,I - IFA,No,51-200,42,prismadvice.co.uk
https://financialadvisers.co.uk/financial-planning/newcastle-upon-tyne/?pl_p=5&pl_m=40,Wellspring Financial,I - IFA,No,1-10,4,wellspringfinancial.co.uk
https://financialadvisers.co.uk/financial-planning/newcastle-upon-tyne/?pl_p=5&pl_m=40,Rippon Financial Management Limited,I - IFA,No,,,rfmltd.co.uk
https://financialadvisers.co.uk/financial-planning/newcastle-upon-tyne/?pl_p=5&pl_m=40,Plain Savings Ltd,I - IFA,No,1-10,3,plainsavings.co.uk
https://financialadvisers.co.uk/financial-planning/newcastle-upon-tyne/?pl_p=5&pl_m=40,Seven Bridges IM Ltd,I - IFA,No,1-10,7,sevenbridgesim.co.uk
https://financialadvisers.co.uk/financial-planning/newcastle-upon-tyne/?pl_p=5&pl_m=40,Hibbert Wealth Management Limited,I - IFA,No,1-10,5,hibbertwealthmanagement.co.uk
https://financialadvisers.co.uk/financial-planning/newcastle-upon-tyne/?pl_p=5&pl_m=40,James Hutchins,I - IFA,No,"1,001-5,000",3514,partnership.sjp.co.uk/partner/jameshutchins
https://financialadvisers.co.uk/financial-planning/newcastle-upon-tyne/?pl_p=5&pl_m=40,Nine Oak Financial Management,I - IFA,No,,,nineoak.co.uk
https://financialadvisers.co.uk/financial-planning/newcastle-upon-tyne/?pl_p=5&pl_m=40,Penda Financial Management Ltd,I - IFA,No,,,pendafm.co.uk
https://financialadvisers.co.uk/financial-planning/newcastle-upon-tyne/?pl_p=5&pl_m=40,B-Advised Ltd,I - IFA,No,11-50,8,b-advised.co.uk
https://financialadvisers.co.uk/financial-planning/newcastle-upon-tyne/?pl_p=5&pl_m=40,Global Expatriates Limited,I - IFA,No,,,globalexpatriates.co.uk
https://financialadvisers.co.uk/financial-planning/newcastle-upon-tyne/?pl_p=5&pl_m=40,Giraffe Financial LLP,I - IFA,No,11-50,4,giraffefinancial.com
https://financialadvisers.co.uk/financial-planning/newcastle-upon-tyne/?pl_p=6&pl_m=40,Peacock Financial Management Ltd,I - IFA,No,,,pfm-ltd.com
https://financialadvisers.co.uk/financial-planning/newcastle-upon-tyne/?pl_p=6&pl_m=40,DW Wealth Management Ltd,I - IFA,No,,,dwwealthmangement.co.uk
https://financialadvisers.co.uk/financial-planning/newcastle-upon-tyne/?pl_p=6&pl_m=40,Walker Harrison Associates,I - IFA,No,,,rbsint.com
https://financialadvisers.co.uk/financial-planning/newcastle-upon-tyne/?pl_p=6&pl_m=40,Berkley Wilkinson Wealth Management Ltd,,,,,
https://financialadvisers.co.uk/financial-planning/newcastle-upon-tyne/?pl_p=6&pl_m=40,Faramond UK Limited,I - IFA,No,,,faramond.com
https://financialadvisers.co.uk/financial-planning/newcastle-upon-tyne/?pl_p=6&pl_m=40,True Potential Wealth Management LLP,I - Asset Manager with Multi-Asset; I - IFA,No,201-500,1064,tpllp.com
https://financialadvisers.co.uk/financial-planning/newcastle-upon-tyne/?pl_p=6&pl_m=40,Charles Derby Wealth Management Limited,I - IFA,No,,,charlesderbywm.com
https://financialadvisers.co.uk/financial-planning/newcastle-upon-tyne/?pl_p=6&pl_m=40,Bede Wealth Management Limited,I - IFA,No,,,bedewealth.co.uk
https://financialadvisers.co.uk/financial-planning/newcastle-upon-tyne/?pl_p=6&pl_m=40,Intouch Financial Advice Limited,I - IFA,No,11-50,19,intouchfinancial.uk.com
https://financialadvisers.co.uk/financial-planning/newcastle-upon-tyne/?pl_p=6&pl_m=40,Milburn Davies Partnership Limited,I - IFA,No,1-10,7,milburndavies.co.uk
https://financialadvisers.co.uk/financial-planning/newcastle-upon-tyne/?pl_p=6&pl_m=40,Keith Simpson,I - IFA,No,201-500,172,absoluteifa.com
https://financialadvisers.co.uk/financial-planning/newcastle-upon-tyne/?pl_p=6&pl_m=40,Michael Seery Financial Planning Ltd,I - IFA,No,"5,001-10,000",2710,mandgwealth.com/michaelseeryfinancialplanning
https://financialadvisers.co.uk/financial-planning/newcastle-upon-tyne/?pl_p=6&pl_m=40,Four Rivers Financial Planning Limited,I - Asset Manager with Multi-Asset; I - IFA,No,"5,001-10,000",2710,mandg.com
https://financialadvisers.co.uk/financial-planning/newcastle-upon-tyne/?pl_p=6&pl_m=40,River Birch Newman Limited,I - IFA,No,1-10,10,rbnwealth.com
https://financialadvisers.co.uk/financial-planning/newcastle-upon-tyne/?pl_p=6&pl_m=40,Money Penny Wealth Management Limited,I - IFA,No,,,mpwealth.co.uk
https://financialadvisers.co.uk/financial-planning/newcastle-upon-tyne/?pl_p=7&pl_m=40,Taylor Hartley Limited,I - IFA,No,,,taylorhartley.com
https://financialadvisers.co.uk/financial-planning/newcastle-upon-tyne/?pl_p=7&pl_m=40,Newcastle Financial Advisers Limited,I - IFA,No,"1,001-5,000",839,newcastle.co.uk
https://financialadvisers.co.uk/financial-planning/newcastle-upon-tyne/?pl_p=7&pl_m=40,Professional Partnerships (North East) Ltd,I - IFA,No,,,rwpfg.co.uk
https://financialadvisers.co.uk/financial-planning/newcastle-upon-tyne/?pl_p=7&pl_m=40,Perspective (North East) Limited,I - DFM without Centralised Research; I - IFA,No,201-500,260,pfgl.co.uk/northeast
https://financialadvisers.co.uk/financial-planning/newcastle-upon-tyne/?pl_p=7&pl_m=40,Tier One Capital Ltd,I - Asset Manager without Multi-Asset; I - IFA,No,11-50,14,tieronecapital.co.uk
https://financialadvisers.co.uk/financial-planning/newcastle-upon-tyne/?pl_p=7&pl_m=40,Greenarch Wealth Management Limited,I - IFA,No,,,greenarch.uk
https://financialadvisers.co.uk/financial-planning/newcastle-upon-tyne/?pl_p=7&pl_m=40,Tier One Capital Wealth Management Limited,I - Asset Manager without Multi-Asset; I - IFA,No,11-50,14,tieronecapital.co.uk
https://financialadvisers.co.uk/financial-planning/newcastle-upon-tyne/?pl_p=7&pl_m=40,Dean Gillespie Financial Advice LTD,I - IFA,No,"5,001-10,000",2710,mandgwealth.com/deangillespiefinancialadvice
https://financialadvisers.co.uk/financial-planning/newcastle-upon-tyne/?pl_p=7&pl_m=40,Verity Wealth Management LLP,I - IFA,No,,,veritywm.co.uk
https://financialadvisers.co.uk/financial-planning/newcastle-upon-tyne/?pl_p=7&pl_m=40,Stephen McDine Limited,I - IFA,No,,,positivewealthmanagement.tppowered.com
https://financialadvisers.co.uk/financial-planning/newcastle-upon-tyne/?pl_p=7&pl_m=40,MFS Limited,I - IFA,No,,,mfs-limited.co.uk
https://financialadvisers.co.uk/financial-planning/newcastle-upon-tyne/?pl_p=7&pl_m=40,Jason Savage Financial Planning Limited,,,,,
https://financialadvisers.co.uk/financial-planning/newcastle-upon-tyne/?pl_p=7&pl_m=40,Integrated Financial Solutions For You Ltd,I - IFA,No,"501-1,000",753,openwork.uk.com
https://financialadvisers.co.uk/financial-planning/newcastle-upon-tyne/?pl_p=7&pl_m=40,Sleight Wealth Management Limited,I - IFA,No,1-10,,sleightwm.co.uk
https://financialadvisers.co.uk/financial-planning/newcastle-upon-tyne/?pl_p=7&pl_m=40,Denton Woodhouse Limited,I - IFA,No,11-50,5,dentonwoodhouse.co.uk
https://financialadvisers.co.uk/financial-planning/newcastle-upon-tyne/?pl_p=8&pl_m=40,Paul Whitehead,I - IFA,No,,,pwfinancialservices.co.uk
https://financialadvisers.co.uk/financial-planning/newcastle-upon-tyne/?pl_p=8&pl_m=40,Stephen Boyle Wealth Management Limited,I - IFA,No,,,stephenboylewealthmanagement.co.uk
https://financialadvisers.co.uk/financial-planning/newcastle-upon-tyne/?pl_p=8&pl_m=40,Jobling Wealth Management Limited,I - IFA,No,1-10,7,joblingwm.co.uk
https://financialadvisers.co.uk/financial-planning/newcastle-upon-tyne/?pl_p=8&pl_m=40,David Goodwin,I - DFM without Centralised Research; I - IFA,No,"1,001-5,000",3514,sjpp.co.uk/davidgoodwin
https://financialadvisers.co.uk/financial-planning/newcastle-upon-tyne/?pl_p=8&pl_m=40,J McBlain Financial Planning Ltd,I - IFA,No,"1,001-5,000",3514,partnership.sjp.co.uk/partner/juliemcblain
https://financialadvisers.co.uk/financial-planning/newcastle-upon-tyne/?pl_p=8&pl_m=40,BMC Wealth Management LTD,I - IFA,No,"5,001-10,000",2710,mandgwealth.com/bmcwealthmanagement
https://financialadvisers.co.uk/financial-planning/newcastle-upon-tyne/?pl_p=8&pl_m=40,Trust KB2 Limited,I - IFA,No,,,trustkb.co.uk
https://financialadvisers.co.uk/financial-planning/newcastle-upon-tyne/?pl_p=8&pl_m=40,Wood Kirkbride Independent Financial Advisers Limited,I - IFA,No,,,woodkirkbride-ifa.com
https://financialadvisers.co.uk/financial-planning/newcastle-upon-tyne/?pl_p=8&pl_m=40,Caroline Anderson IFA LTD,I - IFA,No,201-500,1064,truepotential.co.uk
https://financialadvisers.co.uk/financial-planning/newcastle-upon-tyne/?pl_p=8&pl_m=40,M.R.C Financial Planning Ltd,,,,,
https://financialadvisers.co.uk/financial-planning/newcastle-upon-tyne/?pl_p=8&pl_m=40,Carr Financial Planning Ltd,I - IFA,No,,,carrfinancialplanning.co.uk
https://financialadvisers.co.uk/financial-planning/newcastle-upon-tyne/?pl_p=8&pl_m=40,Smithson Wealth Management Limited,I - IFA,No,"1,001-5,000",3514,partnership.sjp.co.uk/partner/smithsonwm
https://financialadvisers.co.uk/financial-planning/newcastle-upon-tyne/?pl_p=8&pl_m=40,Seven Stars Private Wealth Limited,I - IFA,No,201-500,323,2plan.com
https://financialadvisers.co.uk/financial-planning/newcastle-upon-tyne/?pl_p=8&pl_m=40,Amethyst Independent Financial Advisers LLP,I - IFA,No,1-10,3,amethyst-ifa.com
https://financialadvisers.co.uk/financial-planning/newcastle-upon-tyne/?pl_p=8&pl_m=40,Mark Patterson Financial Planning Limited,I - IFA,No,"1,001-5,000",3514,partnership.sjp.co.uk/partner/markpattersonfp
https://financialadvisers.co.uk/financial-planning/newcastle-upon-tyne/?pl_p=9&pl_m=40,Steadfast Wealth Management Ltd,I - IFA,No,1-10,,steadfastwm.co.uk
https://financialadvisers.co.uk/financial-planning/newcastle-upon-tyne/?pl_p=9&pl_m=40,Longsands Financial Planning Ltd,I - IFA,No,,,longsandsfp.co.uk
https://financialadvisers.co.uk/financial-planning/newcastle-upon-tyne/?pl_p=9&pl_m=40,David Ridley,I - IFA,No,,,reliancefinancial.co.uk
https://financialadvisers.co.uk/financial-planning/newcastle-upon-tyne/?pl_p=9&pl_m=40,Ford IFA Limited,I - IFA,No,,,fordharrisonifa.co.uk
https://financialadvisers.co.uk/financial-planning/newcastle-upon-tyne/?pl_p=9&pl_m=40,Hollycroft Financial Services Ltd,I - IFA,No,1-10,4,hollycroftfs.co.uk
https://financialadvisers.co.uk/financial-planning/newcastle-upon-tyne/?pl_p=9&pl_m=40,Steven Wombwell,I - IFA,No,,,stevewombwell.co.uk
https://financialadvisers.co.uk/financial-planning/newcastle-upon-tyne/?pl_p=9&pl_m=40,Suzy Hall,,,,,
https://financialadvisers.co.uk/financial-planning/newcastle-upon-tyne/?pl_p=9&pl_m=40,Marshall Pension & Financial Planning Ltd,I - IFA,No,,,marshallpfp.co.uk
https://financialadvisers.co.uk/financial-planning/newcastle-upon-tyne/?pl_p=9&pl_m=40,Financial Solutions (N.E.) Ltd,I - IFA,No,,,financialsolutionsne.co.uk
https://financialadvisers.co.uk/financial-planning/newcastle-upon-tyne/?pl_p=9&pl_m=40,Daniel Atkinson,,,,,
https://financialadvisers.co.uk/financial-planning/newcastle-upon-tyne/?pl_p=9&pl_m=40,Phil Walker Wealth Management,I - DFM without Centralised Research; I - IFA,No,"1,001-5,000",3514,sjpp.co.uk/philwalker
https://financialadvisers.co.uk/financial-planning/newcastle-upon-tyne/?pl_p=9&pl_m=40,Lamb and Associates Independent Financial Planning Ltd,I - IFA,No,1-10,6,lambfinancial.co.uk
https://financialadvisers.co.uk/financial-planning/newcastle-upon-tyne/?pl_p=9&pl_m=40,Byron Longstaff Independent Financial Consultancy Ltd,,,,,
https://financialadvisers.co.uk/financial-planning/newcastle-upon-tyne/?pl_p=9&pl_m=40,Shaun Carr Financial Services Limited,I - IFA,No,,,shauncarrfinancialservices.co.uk
https://financialadvisers.co.uk/financial-planning/newcastle-upon-tyne/?pl_p=9&pl_m=40,DJC Financial Services,I - IFA,No,11-50,,djcfinancialservices.co.uk
https://financialadvisers.co.uk/financial-planning/newcastle-upon-tyne/?pl_p=10&pl_m=40,Anthony Cunningham,I - IFA,No,,,cwfinancialmanagement.co.uk
https://financialadvisers.co.uk/financial-planning/newcastle-upon-tyne/?pl_p=10&pl_m=40,H C F Wealth Management Limited,I - IFA,No,201-500,323,2plan.com
https://financialadvisers.co.uk/financial-planning/newcastle-upon-tyne/?pl_p=10&pl_m=40,Philip Lancaster,I - IFA,No,"1,001-5,000",3514,partnership.sjp.co.uk/partner/philiplancaster
https://financialadvisers.co.uk/financial-planning/newcastle-upon-tyne/?pl_p=10&pl_m=40,2mtrust,I - IFA,No,11-50,20,2mtrust.com
https://financialadvisers.co.uk/financial-planning/newcastle-upon-tyne/?pl_p=10&pl_m=40,Northern Spire Limited,I - DFM without Centralised Research; I - IFA,No,"1,001-5,000",3514,sjpp.co.uk/northernspire
https://financialadvisers.co.uk/financial-planning/newcastle-upon-tyne/?pl_p=10&pl_m=40,MJW Financial Planning Ltd,I - IFA,No,,,mjwfinancialplanning.co.uk
https://financialadvisers.co.uk/financial-planning/newcastle-upon-tyne/?pl_p=10&pl_m=40,Louise Atkinson,,,,,
https://financialadvisers.co.uk/financial-planning/newcastle-upon-tyne/?pl_p=10&pl_m=40,Pia Financial Services Ltd,I - IFA,No,"501-1,000",753,openwork.uk.com
https://financialadvisers.co.uk/financial-planning/newcastle-upon-tyne/?pl_p=10&pl_m=40,Dracup Financial Services Limited,I - IFA,No,"1,001-5,000",3514,partnership.sjp.co.uk/partner/neildracup
https://financialadvisers.co.uk/financial-planning/newcastle-upon-tyne/?pl_p=10&pl_m=40,Patrick McLaughlin,I - IFA,No,,,northwealthmanagement.co.uk
https://financialadvisers.co.uk/financial-planning/newcastle-upon-tyne/?pl_p=10&pl_m=40,Richmond IFA Ltd,I - IFA,No,,,richmondifa.com
https://financialadvisers.co.uk/financial-planning/newcastle-upon-tyne/?pl_p=10&pl_m=40,Howard Muir Associates LLP,I - IFA,No,,,investmentcompanion.com
https://financialadvisers.co.uk/financial-planning/newcastle-upon-tyne/?pl_p=10&pl_m=40,Scrimger & Oakes Limited,I - IFA,No,11-50,5,scrimgerandoakes.co.uk
https://financialadvisers.co.uk/financial-planning/newcastle-upon-tyne/?pl_p=10&pl_m=40,Three Counties Limited,I - IFA,No,11-50,17,three-counties.co.uk
https://financialadvisers.co.uk/financial-planning/newcastle-upon-tyne/?pl_p=10&pl_m=40,Richardson & Associates Independent Financial & Mortgage Services Limited,I - IFA,No,,,richardsonassociatesifa.co.uk
https://financialadvisers.co.uk/financial-planning/newcastle-upon-tyne/?pl_p=11&pl_m=40,Sage Wealth Management Ltd,I - IFA,No,11-50,16,sagewm.co.uk
https://financialadvisers.co.uk/financial-planning/newcastle-upon-tyne/?pl_p=11&pl_m=40,Joseph Bonallie,I - IFA,No,,,ifne.co.uk
https://financialadvisers.co.uk/financial-planning/newcastle-upon-tyne/?pl_p=11&pl_m=40,CDC Wealth Management Limited,I - IFA,No,11-50,6,cdcwm.com
https://financialadvisers.co.uk/financial-planning/newcastle-upon-tyne/?pl_p=11&pl_m=40,Morrell Financial Management Ltd,I - IFA,No,1-10,5,morrellfinancialmanagement.com
https://financialadvisers.co.uk/financial-planning/newcastle-upon-tyne/?pl_p=11&pl_m=40,Matlock Wealth Management Limited,I - DFM without Centralised Research; I - IFA,No,"1,001-5,000",3514,sjpp.co.uk/darrenmatlock
https://financialadvisers.co.uk/financial-planning/newcastle-upon-tyne/?pl_p=11&pl_m=40,Mark McNally Wealth Management Limited,I - DFM without Centralised Research; I - IFA,No,"1,001-5,000",3514,sjpp.co.uk/markmcnally
https://financialadvisers.co.uk/financial-planning/newcastle-upon-tyne/?pl_p=11&pl_m=40,Kevin Gardner,I - IFA,No,,,gardnerwealthmanagement.co.uk
https://financialadvisers.co.uk/financial-planning/newcastle-upon-tyne/?pl_p=11&pl_m=40,Adamson Financial Planning LTD,I - Asset Manager with Multi-Asset; I - IFA,No,"5,001-10,000",2710,mandg.com/adamsonfinancialplanning
https://financialadvisers.co.uk/financial-planning/newcastle-upon-tyne/?pl_p=11&pl_m=40,Advanced IFA Ltd,I - IFA,No,1-10,3,advancedifa.co.uk
https://financialadvisers.co.uk/financial-planning/newcastle-upon-tyne/?pl_p=11&pl_m=40,City Financial Solutions Limited,I - IFA,No,1-10,3,cityfinancialsolutions.com
https://financialadvisers.co.uk/financial-planning/newcastle-upon-tyne/?pl_p=11&pl_m=40,Andrew Christopher Wright,,,,,
https://financialadvisers.co.uk/financial-planning/newcastle-upon-tyne/?pl_p=11&pl_m=40,Later Life Wealth Management Limited,I - IFA,No,,,laterlifewealthmanagement.co.uk
https://financialadvisers.co.uk/financial-planning/newcastle-upon-tyne/?pl_p=11&pl_m=40,Harlands Wealth Management Ltd,I - IFA,No,,,hwmfinancial.co.uk
https://financialadvisers.co.uk/financial-planning/newcastle-upon-tyne/?pl_p=11&pl_m=40,GKB Financial Planning Ltd,I - IFA,No,,,gkbfinancialplanning.co.uk
https://financialadvisers.co.uk/financial-planning/newcastle-upon-tyne/?pl_p=11&pl_m=40,Parlett Financial Limited,I - IFA,No,,1,parlettfinancial.co.uk
https://financialadvisers.co.uk/financial-planning/newcastle-upon-tyne/?pl_p=12&pl_m=40,TTR Barnes (Financial Services) Limited,I - IFA,No,1-10,9,key-wealth.com
https://financialadvisers.co.uk/financial-planning/newcastle-upon-tyne/?pl_p=12&pl_m=40,Kinetic Private Investments Limited,I - IFA,No,,,kpi.co.uk
https://financialadvisers.co.uk/financial-planning/newcastle-upon-tyne/?pl_p=12&pl_m=40,Stephen Hope,I - IFA,No,1-10,6,stephenhopewealthmanagement.com
https://financialadvisers.co.uk/financial-planning/newcastle-upon-tyne/?pl_p=12&pl_m=40,Oracle Financial Planning Ltd,I - IFA,No,11-50,11,oraclefp.co.uk
https://financialadvisers.co.uk/financial-planning/newcastle-upon-tyne/?pl_p=12&pl_m=40,DMH Private Wealth Limited,I - IFA,No,,,dmhwealth.co.uk
https://financialadvisers.co.uk/financial-planning/newcastle-upon-tyne/?pl_p=12&pl_m=40,Manfield Wealth Management Limited,I - IFA,No,,,manfieldwealth.co.uk
https://financialadvisers.co.uk/financial-planning/newcastle-upon-tyne/?pl_p=12&pl_m=40,Harkertine Consultants Ltd,,,,,
https://financialadvisers.co.uk/financial-planning/newcastle-upon-tyne/?pl_p=12&pl_m=40,Fairstone Financial Management Limited,I - DFM without Centralised Research; I - IFA,No,"501-1,000",564,fairstone.co.uk
https://financialadvisers.co.uk/financial-planning/newcastle-upon-tyne/?pl_p=12&pl_m=40,Fairstone Private Wealth Limited,I - DFM without Centralised Research; I - IFA,No,"501-1,000",564,fairstone.co.uk/private-wealth
https://financialadvisers.co.uk/financial-planning/newcastle-upon-tyne/?pl_p=12&pl_m=40,Fairstone Wealth Management Limited,I - DFM without Centralised Research; I - IFA,No,"501-1,000",564,fairstone.co.uk
https://financialadvisers.co.uk/financial-planning/newcastle-upon-tyne/?pl_p=12&pl_m=40,Financial Direction (Northumberland) Ltd,I - IFA,No,,,fdnorth.com
https://financialadvisers.co.uk/financial-planning/newcastle-upon-tyne/?pl_p=12&pl_m=40,Prestige Financial Planners Limited,I - IFA,No,1-10,3,prestigefinancialplanners.co.uk
https://financialadvisers.co.uk/financial-planning/newcastle-upon-tyne/?pl_p=12&pl_m=40,Centurion Financial Planning Limited,I - IFA,No,,,centurionfp.co.uk
https://financialadvisers.co.uk/financial-planning/newcastle-upon-tyne/?pl_p=12&pl_m=40,Bloomfield Financial Limited,I - IFA,No,1,3,bloomfieldfinancial.co.uk
https://financialadvisers.co.uk/financial-planning/newcastle-upon-tyne/?pl_p=12&pl_m=40,Stephen Burns Financial Planning,I - IFA,No,,,stephen-burns.co.uk
https://financialadvisers.co.uk/financial-planning/newcastle-upon-tyne/?pl_p=13&pl_m=40,Saxon Financial Advice Limited,I - IFA,No,,,saxonfinancialadvice.co.uk
https://financialadvisers.co.uk/financial-planning/newcastle-upon-tyne/?pl_p=13&pl_m=40,Masterman Financial Services LTD,,,,,
https://financialadvisers.co.uk/financial-planning/newcastle-upon-tyne/?pl_p=13&pl_m=40,Aspire Wealth Limited,I - IFA,No,,,aspirewealthlimited.co.uk
https://financialadvisers.co.uk/financial-planning/newcastle-upon-tyne/?pl_p=13&pl_m=40,Hudson & Rogers Financial Planning Ltd,I - IFA,No,,,hudsonandrogersfinancial.co.uk
https://financialadvisers.co.uk/financial-planning/newcastle-upon-tyne/?pl_p=13&pl_m=40,Independent Financial Advice Bureau Limited,I - IFA,No,,,ifabureau.com
https://financialadvisers.co.uk/financial-planning/newcastle-upon-tyne/?pl_p=13&pl_m=40,Henderson Independent Financial Management Limited,I - IFA,No,201-500,323,2plan.com
https://financialadvisers.co.uk/financial-planning/newcastle-upon-tyne/?pl_p=13&pl_m=40,Lyons Financial Management 2001 Limited,I - IFA,No,,4,lyonsfinancialmanagement.co.uk
https://financialadvisers.co.uk/financial-planning/newcastle-upon-tyne/?pl_p=13&pl_m=40,Financially Sound Ltd,I - IFA,No,,,financially-sound.co.uk
https://financialadvisers.co.uk/financial-planning/newcastle-upon-tyne/?pl_p=13&pl_m=40,TMP Wealth Management Ltd,I - IFA,No,11-50,21,tmpwealthmanagement.co.uk
https://financialadvisers.co.uk/financial-planning/newcastle-upon-tyne/?pl_p=13&pl_m=40,Wealth of Advice Ltd,I - IFA,No,11-50,13,wealthofadvice.co.uk
https://financialadvisers.co.uk/financial-planning/newcastle-upon-tyne/?pl_p=13&pl_m=40,Consortium Wealth Management Limited,I - IFA,No,"1,001-5,000",3514,consortiumwmltd.co.uk
https://financialadvisers.co.uk/financial-planning/newcastle-upon-tyne/?pl_p=13&pl_m=40,Northumbrian Financial Ltd,I - IFA,No,,,northumbrianfinancial.com
https://financialadvisers.co.uk/financial-planning/newcastle-upon-tyne/?pl_p=13&pl_m=40,Primary Financial Management Limited,I - IFA,No,,,primaryfinancial.co.uk
https://financialadvisers.co.uk/financial-planning/newcastle-upon-tyne/?pl_p=13&pl_m=40,Pilling Financial Ltd,I - IFA,No,,1,pillingfinancial.co.uk
https://financialadvisers.co.uk/financial-planning/newcastle-upon-tyne/?pl_p=13&pl_m=40,Kevin Wright,,,,,
https://financialadvisers.co.uk/financial-planning/newcastle-upon-tyne/?pl_p=14&pl_m=40,Northumbria Financial Management Limited,I - IFA,No,1-10,4,northumbriafm.co.uk
https://financialadvisers.co.uk/financial-planning/newcastle-upon-tyne/?pl_p=14&pl_m=40,Wellway Wealth Management LLP,I - IFA,No,,,wellwaywealth.co.uk
https://financialadvisers.co.uk/financial-planning/newcastle-upon-tyne/?pl_p=14&pl_m=40,Paul Gebbie,,,,,
https://financialadvisers.co.uk/financial-planning/newcastle-upon-tyne/?pl_p=14&pl_m=40,Olivia Henny,I - IFA,No,1,,fealtywm.co.uk
https://financialadvisers.co.uk/financial-planning/newcastle-upon-tyne/?pl_p=14&pl_m=40,Advice & Solutions Ltd,I - IFA,No,,,advice-solutions.com
https://financialadvisers.co.uk/financial-planning/newcastle-upon-tyne/?pl_p=14&pl_m=40,Dominic Middlemiss,I - IFA,No,,,djmfp.co.uk
https://financialadvisers.co.uk/financial-planning/newcastle-upon-tyne/?pl_p=14&pl_m=40,Bentley Brown & Co Ltd,I - IFA,No,1-10,3,bentleybrownandco.co.uk
https://financialadvisers.co.uk/financial-planning/newcastle-upon-tyne/?pl_p=14&pl_m=40,Simon P Dermont Financial Consultants Limited,,,,,
https://financialadvisers.co.uk/financial-planning/newcastle-upon-tyne/?pl_p=14&pl_m=40,Brown & Sutherland Associates Limited,I - IFA,No,,,brownandsutherland.co.uk
https://financialadvisers.co.uk/financial-planning/newcastle-upon-tyne/?pl_p=14&pl_m=40,Paul Waddington Financial Planning Ltd,I - IFA,No,"5,001-10,000",2710,mandgwealth.com/paulwaddingtonfinancialplanning
https://financialadvisers.co.uk/financial-planning/newcastle-upon-tyne/?pl_p=14&pl_m=40,KWM (FP) Ltd,I - IFA,No,1-10,3,kwmfp.co.uk
https://financialadvisers.co.uk/financial-planning/newcastle-upon-tyne/?pl_p=14&pl_m=40,GCA Financial Planning Ltd,,,,,
https://financialadvisers.co.uk/financial-planning/newcastle-upon-tyne/?pl_p=14&pl_m=40,Halcyon Wealth Management Ltd,I - IFA,No,,,halcyonwm.co.uk
https://financialadvisers.co.uk/financial-planning/newcastle-upon-tyne/?pl_p=14&pl_m=40,Emerald Financial Associates Ltd,I - IFA,No,,,emeraldassociates.co.uk
https://financialadvisers.co.uk/financial-planning/newcastle-upon-tyne/?pl_p=14&pl_m=40,Mark Redpath,I - DFM without Centralised Research; I - IFA,No,"1,001-5,000",3514,sjpp.co.uk/northbridge
https://financialadvisers.co.uk/financial-planning/newcastle-upon-tyne/?pl_p=15&pl_m=40,Financial Dimensions UK Ltd,I - IFA,No,1-10,3,financialdimensions.co.uk
https://financialadvisers.co.uk/financial-planning/newcastle-upon-tyne/?pl_p=15&pl_m=40,Joseph Donkin,I - IFA,No,"1,001-5,000",3514,partnership.sjp.co.uk/partner/josephdonkin
https://financialadvisers.co.uk/financial-planning/newcastle-upon-tyne/?pl_p=15&pl_m=40,Matthew Lee Platt,I - IFA,No,,5,mlpfinancial.co.uk
https://financialadvisers.co.uk/financial-planning/newcastle-upon-tyne/?pl_p=15&pl_m=40,Thoroughgood Advisors Limited,,,,,
https://financialadvisers.co.uk/financial-planning/newcastle-upon-tyne/?pl_p=15&pl_m=40,Access Wealth Management,I - IFA,No,11-50,1,accesswm.co.uk
https://financialadvisers.co.uk/financial-planning/newcastle-upon-tyne/?pl_p=15&pl_m=40,Lifeplan Financial Management Limited,I - IFA,No,1-10,,lifeplanfm.co.uk
https://financialadvisers.co.uk/financial-planning/newcastle-upon-tyne/?pl_p=15&pl_m=40,Life Cover For All Limited Liability Partnership,I - IFA,No,,,lifecoverforall.co.uk
https://financialadvisers.co.uk/financial-planning/newcastle-upon-tyne/?pl_p=15&pl_m=40,Jim Paul and Associates Limited,I - IFA,No,,,jimpaulassociates.co.uk
https://financialadvisers.co.uk/financial-planning/newcastle-upon-tyne/?pl_p=15&pl_m=40,Fathom Financial Limited,I - IFA,No,11-50,11,fathomfinancial.co.uk
https://financialadvisers.co.uk/financial-planning/newcastle-upon-tyne/?pl_p=15&pl_m=40,Ian Harrison Independent Financial Services Limited,I - IFA,No,,,ianharrison-ifa.co.uk
https://financialadvisers.co.uk/financial-planning/newcastle-upon-tyne/?pl_p=15&pl_m=40,Anchor Wealth Management Limited,-,Yes,,,anchorwmltd.co.uk
https://financialadvisers.co.uk/financial-planning/newcastle-upon-tyne/?pl_p=15&pl_m=40,DMB Wealth Management Ltd,I - IFA,No,,3,dmbwealthmanagement.co.uk
https://financialadvisers.co.uk/financial-planning/newcastle-upon-tyne/?pl_p=15&pl_m=40,T B Patterson Associates,,,,,
https://financialadvisers.co.uk/financial-planning/newcastle-upon-tyne/?pl_p=15&pl_m=40,KSM Associates Independent Financial Advisers Limited,I - IFA,No,,1,ksm-associates.co.uk
https://financialadvisers.co.uk/financial-planning/newcastle-upon-tyne/?pl_p=15&pl_m=40,Principled Limited,I - IFA,No,1-10,2,principled.eco
https://financialadvisers.co.uk/financial-planning/newcastle-upon-tyne/?pl_p=16&pl_m=40,Peter Bryce Curry,I - IFA,No,"1,001-5,000",3514,partnership.sjp.co.uk/partner/petercurry
https://financialadvisers.co.uk/financial-planning/newcastle-upon-tyne/?pl_p=16&pl_m=40,McLean Financial Planning,,,,,
https://financialadvisers.co.uk/financial-planning/newcastle-upon-tyne/?pl_p=16&pl_m=40,Philip Watson & Mandy Watson,I - IFA,No,1-10,,lighthousefa.co.uk
https://financialadvisers.co.uk/financial-planning/newcastle-upon-tyne/?pl_p=16&pl_m=40,MGL Wealth Management Ltd,I - IFA,No,,,mglwealthmanagement.co.uk
https://financialadvisers.co.uk/financial-planning/newcastle-upon-tyne/?pl_p=16&pl_m=40,Tallow Financial Planning Limited,I - IFA,No,,,tallowfp.com
https://financialadvisers.co.uk/financial-planning/newcastle-upon-tyne/?pl_p=16&pl_m=40,Michael Kyle Wealth Management Ltd,I - IFA,No,,,michaelkylewm.co.uk
https://financialadvisers.co.uk/financial-planning/newcastle-upon-tyne/?pl_p=16&pl_m=40,Select Financial Solutions North East LLP,I - IFA,No,,,sfsne.co.uk
https://financialadvisers.co.uk/financial-planning/newcastle-upon-tyne/?pl_p=16&pl_m=40,A & K Financial Management Limited,I - IFA,No,,,akfm.co.uk
https://financialadvisers.co.uk/financial-planning/newcastle-upon-tyne/?pl_p=16&pl_m=40,Andrea Irving-Morse Associates Limited,I - IFA,No,,,aima.org.uk
https://financialadvisers.co.uk/financial-planning/newcastle-upon-tyne/?pl_p=16&pl_m=40,G & S Investment & Mortgages Ltd,I - IFA,No,,,gs-inv-mort.co.uk
https://financialadvisers.co.uk/financial-planning/newcastle-upon-tyne/?pl_p=16&pl_m=40,North Trail Financial PLanning LTD,I - IFA,No,"5,001-10,000",2710,mandgwealth.com/northtrailfinancialplanning
https://financialadvisers.co.uk/financial-planning/newcastle-upon-tyne/?pl_p=16&pl_m=40,Hauxwell Wealth Management Limited,I - IFA,No,,,hauxwellwealthmanagement.co.uk
https://financialadvisers.co.uk/financial-planning/newcastle-upon-tyne/?pl_p=16&pl_m=40,AJC Financial Limited,Invalid domain,No,,,partnership.sjp.co.ukpartnerandrewcoward
https://financialadvisers.co.uk/financial-planning/newcastle-upon-tyne/?pl_p=16&pl_m=40,Hodge Wealth Management Ltd,I - IFA,No,1-10,1,hodgewealthmanagement.co.uk
https://financialadvisers.co.uk/financial-planning/newcastle-upon-tyne/?pl_p=16&pl_m=40,Fangdale Financial Ltd,,,,,
https://financialadvisers.co.uk/financial-planning/newcastle-upon-tyne/?pl_p=17&pl_m=40,Greenhill Wealth Management Limited,I - IFA,No,,,greenhillwealth.co.uk
https://financialadvisers.co.uk/financial-planning/newcastle-upon-tyne/?pl_p=17&pl_m=40,David Marshall,I - IFA,No,"1,001-5,000",3514,partnership.sjp.co.uk/partner/davidmarshallwm
https://financialadvisers.co.uk/financial-planning/newcastle-upon-tyne/?pl_p=17&pl_m=40,Karen Richardson Financial Services Limited,I - IFA,No,,,krfinancialservices.co.uk
https://financialadvisers.co.uk/financial-planning/newcastle-upon-tyne/?pl_p=17&pl_m=40,Harrison Brown Financial Services Ltd,I - IFA,No,,,harrisonbrown.co.uk
https://financialadvisers.co.uk/financial-planning/newcastle-upon-tyne/?pl_p=17&pl_m=40,Eldon Financial Planning Ltd,I - IFA,No,1-10,9,eldonfinancial.co.uk
https://financialadvisers.co.uk/financial-planning/newcastle-upon-tyne/?pl_p=17&pl_m=40,Your Finances Limited,I - IFA,No,,,yourfinancesltd.com
https://financialadvisers.co.uk/financial-planning/newcastle-upon-tyne/?pl_p=17&pl_m=40,Novus Wealth Management Limited,I - IFA,No,1-10,8,novuswealth.co.uk
https://financialadvisers.co.uk/financial-planning/newcastle-upon-tyne/?pl_p=17&pl_m=40,Hogarth Wealth Management Limited,I - IFA,No,,,hogarthwealthmanagement.co.uk
https://financialadvisers.co.uk/financial-planning/newcastle-upon-tyne/?pl_p=17&pl_m=40,Nigel Barlow,I - IFA,No,,,nigelbarlowwm.co.uk
https://financialadvisers.co.uk/financial-planning/newcastle-upon-tyne/?pl_p=17&pl_m=40,Spire Financial Management Ltd,I - IFA,No,,,spirefinancialmanagement.co.uk
https://financialadvisers.co.uk/financial-planning/newcastle-upon-tyne/?pl_p=17&pl_m=40,Broadgate Wealth Client Servicing LLP,I - IFA,No,,,broadgatewealth.co.uk
https://financialadvisers.co.uk/financial-planning/newcastle-upon-tyne/?pl_p=17&pl_m=40,Forte Financial Consultancy Ltd,I - IFA,No,,,fortefinancialconsultancy.co.uk
https://financialadvisers.co.uk/financial-planning/newcastle-upon-tyne/?pl_p=17&pl_m=40,M G Shaw (UK) Limited,I - IFA,No,1-10,6,mgshaw.co.uk
https://financialadvisers.co.uk/financial-planning/newcastle-upon-tyne/?pl_p=17&pl_m=40,Carter Thompson & Associates Limited,I - IFA,No,11-50,11,ctamortgageadvicecentre.co.uk
https://financialadvisers.co.uk/financial-planning/newcastle-upon-tyne/?pl_p=17&pl_m=40,Sandmartin Financial Services Limited,I - IFA,No,"501-1,000",753,theopenworkpartnership.com
https://financialadvisers.co.uk/financial-planning/newcastle-upon-tyne/?pl_p=18&pl_m=40,Holistic Finance Ltd,I - IFA,No,1-10,2,holisticfinance.co.uk
https://financialadvisers.co.uk/financial-planning/newcastle-upon-tyne/?pl_p=18&pl_m=40,Callander Financial Planning Ltd,Invalid domain,No,,,sjpp.co.ukgrantcallander
https://financialadvisers.co.uk/financial-planning/newcastle-upon-tyne/?pl_p=18&pl_m=40,Cleveland Wealth Management Ltd,I - IFA,No,,,clevelandwm.co.uk
https://financialadvisers.co.uk/financial-planning/newcastle-upon-tyne/?pl_p=18&pl_m=40,Mercury Wealth Management Limited,I - IFA,No,11-50,7,mercurywealth.co.uk
https://financialadvisers.co.uk/financial-planning/newcastle-upon-tyne/?pl_p=18&pl_m=40,Research Independent Financial Services Limited,I - IFA,No,,2,researchindependent.co.uk
https://financialadvisers.co.uk/financial-planning/newcastle-upon-tyne/?pl_p=18&pl_m=40,Tarran & Co. Financial Planning Ltd,I - IFA,No,,,tarranandco.co.uk
https://financialadvisers.co.uk/financial-planning/newcastle-upon-tyne/?pl_p=18&pl_m=40,Jacqueline Hall,I - IFA,No,"5,001-10,000",2710,mandgwealth.com/wealthology
https://financialadvisers.co.uk/financial-planning/newcastle-upon-tyne/?pl_p=18&pl_m=40,Coates & Co Financial Planning Ltd,I - IFA,No,,,coatesandco.org
https://financialadvisers.co.uk/financial-planning/newcastle-upon-tyne/?pl_p=18&pl_m=40,DML Financial Planning Limited,I - IFA,No,1-10,2,dmlfp.com
https://financialadvisers.co.uk/financial-planning/newcastle-upon-tyne/?pl_p=18&pl_m=40,Vida Financial Planning Ltd,I - IFA,No,201-500,323,pauljackson.2plan.com
https://financialadvisers.co.uk/financial-planning/newcastle-upon-tyne/?pl_p=18&pl_m=40,Kingfisher Finance Limited,I - IFA,No,,,kingfisherfinance.co.uk
https://financialadvisers.co.uk/financial-planning/newcastle-upon-tyne/?pl_p=18&pl_m=40,Acumen Investment and Pension Solutions Ltd,I - IFA,No,,,acumenifasolutions.co.uk
https://financialadvisers.co.uk/financial-planning/newcastle-upon-tyne/?pl_p=18&pl_m=40,MN Consultancy Ltd,I - IFA,No,1-10,4,mnconsultancyltd.co.uk
https://financialadvisers.co.uk/financial-planning/newcastle-upon-tyne/?pl_p=18&pl_m=40,Davison Smith Financial Management Limited,I - IFA,No,,2,davisonsmith.com
https://financialadvisers.co.uk/financial-planning/newcastle-upon-tyne/?pl_p=18&pl_m=40,Ensure (IFA) Ltd,I - IFA,No,,,ensureifa.com
https://financialadvisers.co.uk/financial-planning/newcastle-upon-tyne/?pl_p=19&pl_m=40,Denham & Burd Wealth Management Limited,I - IFA,No,,,denhamburd.co.uk
https://financialadvisers.co.uk/financial-planning/newcastle-upon-tyne/?pl_p=19&pl_m=40,New World Financial Group Ltd,I - IFA,No,1-10,5,newworldfg.com
https://financialadvisers.co.uk/financial-planning/newcastle-upon-tyne/?pl_p=19&pl_m=40,PSG Wealth Management Ltd,I - IFA,No,11-50,4,psgwealth.co.uk
https://financialadvisers.co.uk/financial-planning/newcastle-upon-tyne/?pl_p=19&pl_m=40,Joslin Rhodes Lifestyle Financial Planning Limited,I - IFA,No,51-200,36,joslinrhodes.co.uk
https://financialadvisers.co.uk/financial-planning/newcastle-upon-tyne/?pl_p=19&pl_m=40,PlanHappy Investment Management Limited,I - IFA,No,51-200,36,joslinrhodes.co.uk
https://financialadvisers.co.uk/financial-planning/newcastle-upon-tyne/?pl_p=19&pl_m=40,Prismatic Wealth Limited,I - IFA,No,11-50,15,prismaticwealth.co.uk
https://financialadvisers.co.uk/financial-planning/newcastle-upon-tyne/?pl_p=19&pl_m=40,BJFM Limited,I - IFA,No,,,fbw.onyxnet.co.uk
https://financialadvisers.co.uk/financial-planning/newcastle-upon-tyne/?pl_p=19&pl_m=40,Jads Financial Services,,,,,
https://financialadvisers.co.uk/financial-planning/newcastle-upon-tyne/?pl_p=19&pl_m=40,Solutions Wealth Management Limited,I - IFA,No,,,swmltd.co.uk
https://financialadvisers.co.uk/financial-planning/newcastle-upon-tyne/?pl_p=19&pl_m=40,David Kelly Associates,,,,,
https://financialadvisers.co.uk/financial-planning/newcastle-upon-tyne/?pl_p=19&pl_m=40,Tony Rogers Financial Management Limited,I - IFA,No,,,tonyrogersifa.com
https://financialadvisers.co.uk/financial-planning/newcastle-upon-tyne/?pl_p=19&pl_m=40,A W Financial Services Limited,,,,,
https://financialadvisers.co.uk/financial-planning/newcastle-upon-tyne/?pl_p=19&pl_m=40,Ayton-Law Limited,I - IFA,No,,,ayton-law.co.uk
https://financialadvisers.co.uk/financial-planning/newcastle-upon-tyne/?pl_p=19&pl_m=40,Halcyon Financial Solutions Limited,I - IFA,No,,,halcyonfinancial.co.uk
https://financialadvisers.co.uk/financial-planning/newcastle-upon-tyne/?pl_p=19&pl_m=40,Constellation Financial Solutions Limited,I - IFA,No,,,constellationfs.co.uk
https://financialadvisers.co.uk/financial-planning/newcastle-upon-tyne/?pl_p=20&pl_m=40,James Brewster Financial Services Limited,I - IFA,No,,,jamesbrewster.co.uk
https://financialadvisers.co.uk/financial-planning/newcastle-upon-tyne/?pl_p=20&pl_m=40,SGW Wealth Management Ltd,,,,,
https://financialadvisers.co.uk/financial-planning/newcastle-upon-tyne/?pl_p=20&pl_m=40,Hedgley Financial Services Ltd,I - IFA,No,,,hedgleyfinancialservices.co.uk
https://financialadvisers.co.uk/financial-planning/newcastle-upon-tyne/?pl_p=20&pl_m=40,Carlton-Sturman (Insurance Brokers) Limited,I - IFA,No,,,carlton-sturman.co.uk
https://financialadvisers.co.uk/financial-planning/newcastle-upon-tyne/?pl_p=20&pl_m=40,Astute Financial & Mortgage Advisers Ltd,I - IFA,No,,,astutefin.co.uk
https://financialadvisers.co.uk/financial-planning/newcastle-upon-tyne/?pl_p=20&pl_m=40,Grainger Wealth Management Ltd,I - IFA,No,"1,001-5,000",3514,partnership.sjp.co.uk/partner/graingerwealth
https://financialadvisers.co.uk/financial-planning/newcastle-upon-tyne/?pl_p=20&pl_m=40,Stephen Joyce Wealth Management Ltd,I - IFA,No,,,stevejoyce.co.uk
https://financialadvisers.co.uk/financial-planning/newcastle-upon-tyne/?pl_p=20&pl_m=40,Daniel Bishara Financial Planning Limited,Invalid domain,No,,,partnership.sjp.co.ukpartnerdbfinancialplanning
https://financialadvisers.co.uk/financial-planning/newcastle-upon-tyne/?pl_p=20&pl_m=40,Active Financial Planners Limited,I - IFA,No,11-50,32,activefinancialplanners.co.uk
https://financialadvisers.co.uk/financial-planning/newcastle-upon-tyne/?pl_p=20&pl_m=40,Money Matters (North East) Limited,I - IFA,No,,,moneymattersne.co.uk
https://financialadvisers.co.uk/financial-planning/newcastle-upon-tyne/?pl_p=20&pl_m=40,Bob Little & Co Ltd,I - IFA,No,11-50,7,boblittle.co.uk
https://financialadvisers.co.uk/financial-planning/newcastle-upon-tyne/?pl_p=20&pl_m=40,Peter Stephenson,I - IFA,No,"1,001-5,000",3514,partnership.sjp.co.uk/partner/peterstephensonwm
https://financialadvisers.co.uk/financial-planning/newcastle-upon-tyne/?pl_p=20&pl_m=40,Alpha Independent Financial Planning Ltd,I - IFA,No,1-10,,alphaifp.co.uk
https://financialadvisers.co.uk/financial-planning/newcastle-upon-tyne/?pl_p=20&pl_m=40,Teesside Financial Management Ltd,I - IFA,No,1-10,,teessidefinancial.com
https://financialadvisers.co.uk/financial-planning/newcastle-upon-tyne/?pl_p=20&pl_m=40,Belle Financial Services Limited,I - IFA,No,,,bellefinancialservicesltd.com
https://financialadvisers.co.uk/financial-planning/newcastle-upon-tyne/?pl_p=21&pl_m=40,Stephen Luwero,,,,,
https://financialadvisers.co.uk/financial-planning/newcastle-upon-tyne/?pl_p=21&pl_m=40,Andrew Johnston Financial Services Ltd,I - DFM without Centralised Research; I - IFA,No,"10,000+",42686,aegon.co.uk
https://financialadvisers.co.uk/financial-planning/newcastle-upon-tyne/?pl_p=21&pl_m=40,Adapt Financial Planning Limited,I - IFA,No,,,adaptfp.co.uk
https://financialadvisers.co.uk/financial-planning/newcastle-upon-tyne/?pl_p=21&pl_m=40,Hilton Wordsworth Financial Services Ltd,I - IFA,No,1,1,hiltonwfs.co.uk
https://financialadvisers.co.uk/financial-planning/newcastle-upon-tyne/?pl_p=21&pl_m=40,Paul Kerr,I - IFA,No,"1,001-5,000",3514,partnership.sjp.co.uk/partner/paulkerr
https://financialadvisers.co.uk/financial-planning/newcastle-upon-tyne/?pl_p=21&pl_m=40,Graeme Leigh,,,,,
https://financialadvisers.co.uk/financial-planning/newcastle-upon-tyne/?pl_p=21&pl_m=40,Bede Financial Group Limited,I - IFA,No,,,bede-group.co.uk
https://financialadvisers.co.uk/financial-planning/newcastle-upon-tyne/?pl_p=21&pl_m=40,K & S Financial Management Limited,,,,,
https://financialadvisers.co.uk/financial-planning/newcastle-upon-tyne/?pl_p=21&pl_m=40,C&M (Life & Pensions) Ltd,I - IFA,No,,,candmlifeandpensions.co.uk
https://financialadvisers.co.uk/financial-planning/newcastle-upon-tyne/?pl_p=21&pl_m=40,Robert Miller Financial Management Ltd,I - IFA,No,,,robertmillerfm.co.uk
https://financialadvisers.co.uk/financial-planning/newcastle-upon-tyne/?pl_p=21&pl_m=40,Ashton Financial Services Limited,,,,,
https://financialadvisers.co.uk/financial-planning/newcastle-upon-tyne/?pl_p=21&pl_m=40,John Smith,I - IFA,No,"1,001-5,000",3514,partnership.sjp.co.uk/partner/johnsmith
https://financialadvisers.co.uk/financial-planning/newcastle-upon-tyne/?pl_p=21&pl_m=40,ParnabyEvans Financial Advisers Ltd,I - IFA,No,,,parnabyevans.com
https://financialadvisers.co.uk/financial-planning/newcastle-upon-tyne/?pl_p=21&pl_m=40,The Ethical Investment Co-operative Limited,I - IFA,No,1-10,1,ethicalmoney.org
https://financialadvisers.co.uk/financial-planning/newcastle-upon-tyne/?pl_p=21&pl_m=40,Roseberry Financial Limited,I - IFA,No,,,roseberrygroup.co.uk
https://financialadvisers.co.uk/financial-planning/newcastle-upon-tyne/?pl_p=22&pl_m=40,Fletcher Investment Consultants Limited,I - IFA,No,,,fletcherinvestments.org.uk
https://financialadvisers.co.uk/financial-planning/newcastle-upon-tyne/?pl_p=22&pl_m=40,Canford and Castle Financial Planning Limited,I - IFA,No,,,ccfp.co.uk
https://financialadvisers.co.uk/financial-planning/newcastle-upon-tyne/?pl_p=22&pl_m=40,Claire Hogg Mortgages & Protection Limited,I - IFA,No,,,chmpltd.com
https://financialadvisers.co.uk/financial-planning/newcastle-upon-tyne/?pl_p=22&pl_m=40,Trustlaw Financial Services Limited,I - IFA,No,,,trustlaw-ifa.co.uk
https://financialadvisers.co.uk/financial-planning/newcastle-upon-tyne/?pl_p=22&pl_m=40,David Evans,I - IFA,No,,,peacockandco.co.uk
https://financialadvisers.co.uk/financial-planning/newcastle-upon-tyne/?pl_p=22&pl_m=40,BENSON FINANCIAL MANAGEMENT LIMITED,I - IFA,No,,,wpgroup.uk.com
https://financialadvisers.co.uk/financial-planning/newcastle-upon-tyne/?pl_p=22&pl_m=40,Gale and Phillipson Investment Services Ltd,I - DFM without Centralised Research; I - IFA,No,11-50,16,you-asset.co.uk
https://financialadvisers.co.uk/financial-planning/newcastle-upon-tyne/?pl_p=22&pl_m=40,Norwood Financial Solutions Limited,I - IFA,No,,,norwoodfp.com
https://financialadvisers.co.uk/financial-planning/newcastle-upon-tyne/?pl_p=22&pl_m=40,Andrew Payne Wealth Management Ltd,I - IFA,No,,,andrewpaynewm.co.uk
https://financialadvisers.co.uk/financial-planning/newcastle-upon-tyne/?pl_p=22&pl_m=40,Hathaway & Cope (Life & Pensions) Ltd,I - IFA,No,,,hathawayandcopeifa.co.uk
https://financialadvisers.co.uk/financial-planning/newcastle-upon-tyne/?pl_p=22&pl_m=40,Quigley & Partners Limited,I - IFA,No,,,quigleyandpartners.co.uk
